Mail,Result
rofl true name,0
guy bitch act like interest buy someth els next week gave us free,0
piti mood suggest,0
b go esplanad fr home,0
nd time tri contact u u pound prize claim easi call p per minut bt nation rate,1
remind get pound free call credit detail great offer pl repli text valid name hous postcod,1
huh lei,0
wait til least wednesday see get,0
ard like dat lor,0
ok lor soni ericsson salesman ask shuhui say quit gd use consid,0
get dump heap mom decid come low bore,0
anyth lor juz us lor,0
next lt gt hour imma flip shit,0
sorri call later,0
meant calcul lt gt unit lt gt school realli expens start practic accent import decid year dental school nmde exam,0
ye u text pshew miss much,0
yeh indian nice tho kane bit shud go drink sometim soon mite hav go da work laugh soon love pete x x,0
well keep mind got enough ga one round trip bar sudden influx cash,0
hahaha use brain dear,0
safe trip nigeria wish happi soon compani share moment,0
wen get spiritu deep great,0
cool time think get,0
know wot peopl wear shirt jumper hat belt know r cribb,0
tri weekend v,0
ic lotta childporn car,0
hi durban still number,0
take derek amp taylor walmart back time done leav mous desk text priscilla readi,0
u still havent got urself jacket ah,0
armand say get ass epsilon,0
yeah ju rite,0
ask mobil chatlin inclu free min india cust serv sed ye l er got mega bill dont giv shit bailiff due day want,1
sleep surf,0
believ attach see everi day know best get babe go teach class midnight,0
want explicit sex sec ring cost p min gsex pobox wc n xx,1
aiyah ok wat long got improv alreadi wat,0
know thinkin malaria relax children cant handl malaria would wors gastroenter take enough replac loss temp reduc give malaria med vomit self limit ill mean day complet stop,0
ok anoth number,0
hey chief give bell get need talk royal visit st june,0
happen adventur,0
compliment away system side,0
think tantrum finish yeah point,0
one,0
effect irrit ignor,0
total disappoint text craziest shit got,0
privat account statement show un redeem point call identifi code expir,1
want tell bad feel basic time text late need drug,0
award sipix digit camera call landlin deliveri within day cs box bp yr warranti ppm p p,1
go join tomorrow,0
that cool want pleas,0
big chic common declar,0
dont want hear anyth,0
pl send compani name saibaba colani,0
way put skip right outsid front hous see hous pull,0
mile smile r made frm letter u know differ smile ur face keep happi even though mile away u keep smile good nyt,0
ya referin mei ex wat ah waitin u treat somebodi shld b rich liao gd den u dun work frm tmr onward,0
great role model give much realli wish day miracl god reason everyth must say wish knew dont look sinc young still great day,0
oh oki lor go sat,0
ye pleas leav lt gt lt gt leav,0
make dinner,0
reassur crazi world,0
went project centr,0
lol mad first woke gave,0
machan go gym tomorrow wil come late goodnight,0
want insid everi night,0
god love limit god grace measur god power boundari may u god endless bless alway ur life gud ni,0
told tell stupid hear wont tell anyth dad call brother spoken,0
wait msg lt gt min,0
perhap much easi give account identif tomorrow uni,0
apo mokka player,0
privat account statement show un redeem point call identifi code expir,1
love one law make happi person love way friendship one law never make ur friend feel alon aliv gud night,0
get step outta way congrat,0
wake gt,0
sm servic inclus text credit pl goto www comuk net login qxj unsubscrib stop extra charg help comuk cm ae,1
ye trust u buy new stuff asap tri,0
good afternoon love goe day sleep hope well boytoy think,0
cool shall go see go tip anyway home got someth drop later let go town tonight mayb mum take us,0
think rule tamilnadu tough peopl,0
marvel mobil play offici ultim spider man game ur mobil right text spider game send u free ball wallpap,1
u studi sch go home anyway b go sch later,0
k sent,0
oh thank lot alreadi bought egg,0
k sent,0
p per min call germani bt line p per min check planettalkinst com info c text stop opt,1
ofcours also upload song,0
also fuck famili go rhode island wherev fuck leav alon week new bong gt,0
pick variou point go yeovil motor project hour u take home max easi,0
li hai bore da lectur repeat last week stuff wast time,0
urgent tri contact last weekend draw show u prize guarante call claim code k valid hr p pm,1
shall call dear food,0
seen back holbi,0
realli hope work doesnt get stress gr day,0
probabl lt gt,0
today sunday sunday holiday work,0
ye princess want pleas everi night wish command,0
dhoni luck win big titl win,0
mummi boy good bad posit neg mummi made wait hmmmm,0
ok lor reach messag,0
well obvious peopl cool colleg life went home,0
yup,0
thought slide enough,0
ok lor,0
urgent last weekend draw show cash spanish holiday call claim c rstm sw ss ppm,1
get garden readi summer free select summer bulb seed worth scotsman saturday stop go notxt co uk,1
http tm widel com index wml id ad first true c c rington,1
shall bring us bottl wine keep us amus joke bring one anyway,0
treasur everi moment spend togeth,0
u goin nite,0
txt call claim reward hour talk time use phone subscrib gbp mnth inc hr stop txtstop www gamb tv,1
ok thk got u wan come wat,0
decemb mobil mth entitl updat latest colour camera mobil free call mobil updat co free,1
hear loud scream lt gt minut caus gyno shove thing belong,0
sorri call later,0
arun u transfr amt,0
sparkl shop break per person call visit www shortbreak org uk,1
wish beauti day moment reveal even thing keep smile enjoy,0
im wonder right,0
except there chick huge boob,0
hello wat talk email address,0
sing hu think also import find someon femal know place well prefer citizen also smart help navig even thing like choos phone plan requir guidanc doubt ask especi girl,0
sac need carri,0
latest news polic station toilet stolen cop noth go,1
aight pick open tonight,0
take away money worri,0
back good journey let know need receipt shall tell like pendent,0
fine got enough bud last night least,0
good morn repair shop reason hour,0
guarante award mayb even cash claim ur award call free legitimat efreefon number wat u think,1
thought get watch co that kind thing u get th love much,0
way make sure u get train worc foreg street shrub hill fun night x,0
thank gener date brotha,0
hey book lesson sun liao,0
youdo later sar xxx,0
slow use biola fne,0
mode men left,0
wif buy tix lar,0
jesu armand realli tri tell everybodi find,0
gonna way specif,0
thanx lot ur help,0
pay attent,0
make time tonight whenev cool text whenev around,0
er yeah b sorri tell pub cafe sit come wen u,0
didnt complet gist oh,0
santa call would littl one like call santa xma eve call book time,1
oh yeah diet flew window,0
otherwis part time job na tuition,0
u horribl gal u knew dat go wif yest n u still come n ask,0
sorri call later,0
ok k sri knw siva tat askd,0
hi elain today meet confirm,0
dont know oh hope month,0
bruce amp fowler mom car park long stori,0
realli master,0
nope forgot show next week,0
slave want take pictur today bright light cell phone bright light,0
get chicken broth want ramen unless know,0
east coast,0
nite nite pocay wocay luv u n e thing eva promis ring u morrowxxxx,0
gr handl victoria island traffic plu album due,0
ask u meet da ge tmr nite,0
daddi shu shu look u u wan tell u singapor wat,0
first time everyth,0
pub,0
yup msg tat yiju tot group mate co meet today mah askin leav earlier wat mah co mayb haf walk v far,0
dear angri busi dear,0
mani day sinc,0
pl give prometazin syrup ml lt gt min later feed,0
gd got free ice cream oso wan,0
hi babe thank come even though didnt go well want bed hope see soon love kiss xxx,0
babe think got ur brolli left english wil bring mrw u luv franxx,0
hard true much show amp express love someon much hurt leav get seper ud even,0
appar bff carli quick,0
hi hope good day better night,0
necessarili respect,0
want custom offic discount oh,0
dunno lei shd b drive lor co go sch hr oni,0
dont know exactli could ask chechi,0
done hand know mega shop asda count celebr that,0
ooooooh forgot tell u get yovil phone,0
watch ajith film ah,0
nt joke serious told,0
ok ok ok what ur today plan,0
much fight good nite,0
gentl babi soon take lt gt inch deep insid tight pussi,0
work pleas call,0
friend help us problem give stupid suggest land us anoth problem help us forgt previou problem,0
babe hope ok shit night sleep fell asleep knacker dread work tonight thou upto tonight x,0
good day pray remov teeth pain maintain stuff,0
make squeez lt gt buck dad,0
new messag call,1
sunni california weather cool,0
somebodi set websit play hold em use eve onlin spacebuck,0
free entri gr prize wkli comp chanc win latest nokia psp cash everi wk txt great http www gr prize com,1
current lead bid paus auction send custom care,1
want leav bare stay sane fight constantli help,0
cant pick phone right pl send messag,0
u konw waht rael friendship im gving yuo exmpel jsut ese tih msg evrey splle tih msg wrnog bt sitll yuo ra wihtuot ayn mitsak goodnight amp nice sleep sweet dream,0
k head min see,0
ok problem u frm wat matter,0
lol oh got friend dog,0
date two start sent text talk sport radio last week connect think coincid,1
hi mom might back later lt gt,0
import messag final contact attempt import messag wait custom claim dept expir call,1
tri figur suppos see coupl differ peopl week said get togeth set date,0
xma reward wait comput randomli pick loyal mobil custom receiv reward call,1
call send girl erot ecstaci p min stop text call nat rate,1
think mentor percent sure,0
insid offic still fill form know leav,0
yep get program slack,0
hey iouri gave number wyli ryan friend,0
ur face test lt gt select number tell ur face astrolog wait quick repli,0
hmm shall bring bottl wine keep us amus joke still bring bottl red white see tomorrow,0
ok,0
tell someth that okay,0
live simpl love also simpl laugh simpl win tooo simpl simpl difficult,0
aiyo co sm neva repli wait repli lar tot havent finish ur lab wat,0
guai shd haf seen naughti free today go jog,0
good morn princess great day,0
yup paragon havent decid whether cut yet hee,0
one interest may busi plan,0
home,0
thought put back box,0
sir hr trip bu last week anoth audit next wednesday think might drive time,0
parent kidz friend n colleagu scream surpris wait sofa nake,0
wat,0
guy plan come,0
go open room til thanksgiv without upcharg,0
u r subscrib textcomp wkli comp st wk free question follow subsequ wk charg p msg unsubscrib txt stop custcar,1
cours make stink,0
u awak snow,0
like jerk,0
wanna gym,0
birthday feb lt gt da,0
sound better even im costum im sure time finish tomorrow txt end,0
pride almost lt gt year old takin money kid suppos deal stuff grownup stuff tell,0
garbag bag egg jam bread hannaford wheat chex,0
neither sterm voic studi fine sure thing resolv tho anyway fab hol,0
think steyn sure get one wicket,0
x cours yr messag messeng lik r send,0
dude im longer pisc im aquariu,0
sir wait letter,0
sweet heart,0
wish wonder week,0
make happi,0
gal n boy walk park gal hold ur hand boy u think would run away gal jst wana c feel walk heaven princ gn,0
dear sir salam alaikkum pride pleasur meet today tea shop pleas send contact number qatar rakhesh indian pl save number respect regard,0
aah bless arm,0
thank keep mind,0
ok problem yup go sch rem correctli,0
havent got da topic yet rite,0
kothi print marandratha,0
good morn love go sleep wish great day full feel better opportun last thought babe love kiss,0
k fyi back parent place south tampa might need deal somewher els,0
ju finish watch tv u,0
hahaha use brain dear,0
get offici england poli rington colour flag yer mobil tonight game text tone flag optout txt eng stop box w wx,1
sister go earn da,0
got ur favorit oyster n got favorit sashimi ok lar dun say alreadi wait ur stomach start rumbl,0
k k go tirunelvali week see uncl alreadi spend amount take dress want money give feb,0
yeah think,0
jolli good way give u ticket sat eve speak x,0
come back thursday yay gonna ok get money cheer oh yeah everyth alright how school call work,0
leav,0
ill min look,0
hi miss call mumha beendrop red wine theplac adress,0
pl ask macho much budget bb bold co saw new one lt gt dollar,0
tell quit long co finish film yet,0
lt gt buck bank fee fix better call bank find,0
time come tomorrow,0
make tonight,0
well good morn mr how london treatin ya treacl,0
hand phone chat wit u,0
darl sister school resum minimum wait period reappli take care,0
u come funer home,0
alex say ok ok,0
xma iscom ur award either cd gift voucher free entri r weekli draw txt music tnc www ldew com win ppmx age subscript,1
donno gene someth,0
urgent pleas call landlin cash luxuri canari island holiday await collect cs sae po box xy ppm,1
xy tri smth u eat alreadi havent,0
dear call,0
hey congrat u id luv ive go home,0
excel thought misundrstud frnd knw u hate bt day wen u knw truth u hate urself gn,0
hey forget mine possess properti mmm childish smile,0
still pretti weak today bad day,0
urgent week free membership prize jackpot txt word claim c www dbuk net lccltd pobox ldnw rw,1
sent ur email id soon,0
yeah probabl,0
gone get info bt dont know,0
princess,0
vikki come around lt time gt,0
helloooo wake sweet morn welcom enjoy day full joy gud mrng,0
urgent mobil number award prize guarante call land line claim valid hr ppm,1
best msg hard person u know one step foward make u fall love amp one step back ruin ur friendship good night,0
dunno leh cant rememb mayb lor wat time r meet tmr,0
oh yeah clearli fault,0
hi hope ur day good back walk tabl book half eight let know ur come,0
late k wish,0
hello u u u b move flat co need arrang pick lamp etc take care hello carolin,0
u wan come dinner tonight,0
u fix teeth asap ok take care,0
prize go anoth custom c www c biz p min polo ltd suit london w j hl pleas call back busi,1
er enjoyin indian mo yep sall good hehe how bout u shexi pete xx,0
anyth lar go home dinner,0
hi darlin kate u doin somethin tonight im go pub call swan someth parent one drink phone u,0
gud ni swt drm take care,0
storm msg wen u lift phne u say hello u knw wt real mean hello name girl ye u knw dat girl margaret hello girlfrnd f grahmbel invnt telphon moral one get name person bt girlfrnd g n g h,0
pl speak wont ask anyth friendship,0
see film,0
absolut love south park recent start watch offic,0
anyon call treadmil say buy make sure work found ad craigslist sell lt gt,0
help u swoop pick u wherev ur bird r meet u want,0
cbe chennai,0
usual iam fine happi amp well,0
well big surpris,0
ok sweet dream,0
didnt get anyth da,0
pleas tell car key purs,0
studi alon without anyon help cant need studi,0
yeah work fine start last week stuff dull easi guy fun,0
urgent pleas call landlin cash holiday await collect cs sae po box xy,1
k leav soon littl,0
u come n search tat vid finishd,0
gud ni dear slp well take care swt dream muah,0
eaten day sit stare juici pizza eat med ruin life,0
thank princess want see nice juici booti,0
thank temal wonder thank great week,0
cours teas know simpli must see grin keep post prey love smile devour kiss,0
hmm think lor,0
part check iq,0
gud gud k chikku tke care sleep well gud nyt,0
jay want work first sound,0
yeah still give ride,0
someonon know tri contact via date servic find could call mobil landlin box sk ch,1
uworld site buy qbank buy self assess also,0
ok cool see ya,0
hey project start aha da,0
chosen receiv award pl call claim number collect award select receiv valu mobil custom,1
realis busi guy tri bother get exam outta way tri car gr day,0
nope still market,0
mean u could keep ur word,0
privat account statement fone show un redeem point call identifi code expir,1
met alex nichol middl school turn deal,0
prabha soryda reali frm heart sori,0
smile pleasur smile pain smile troubl pour like rain smile sum hurt u smile becoz someon still love see u smile,0
oh fuck juswok bed boatin dock slept wid year old spinout giv u da gossip l r xxx,0
die want u stuff,0
night nt stay port step liao ex,0
jane babe goin wrk feel ill lst nite fone alreadi cover chuck,0
take exam march,0
pl need dat slowli vomit,0
accident brought em home box,0
well that nice bad cant eat,0
late,0
keep ten rs shelf buy two egg,0
natalja f invit friend repli ye see www sm ac u nat stop send stop frnd,1
pa select,0
k k busi,0
yesterday true true,0
dai download exe file run exe instal,0
know thinkin malaria relax children cant handl malaria would wors gastroenter take enough replac loss temp reduc give malaria med vomit self limit ill mean day complet stop,0
hi think match,0
babe answer see mayb better reboot ym got photo great,0
reach ur home lt gt minut,0
mobil mth updat free orang latest colour camera mobil unlimit weekend call call mobil upd freefon stoptxt,1
come get b quit diff guess rite,0
fine absolutli fine,0
wot student discount u get book,0
costa del sol holiday await collect call toclaim sae tc pobox stockport sk xh cost pm max min,1
call germani penc per minut call fix line via access number prepay direct access www telediscount co uk,1
ugh leg hurt musta overdid mon,0
fine difficulti phone work mine pl send anoth friend request,0
like cheap happi splash wine make feel better,0
spook mob halloween collect logo pic messag plu free eeri tone txt card spook zed p per logo pic,1
darren say dat u meet da ge den dun meet dinner co later u leav xy feel awkward den u meet lunch lor,0
ok take ur time n enjoy ur dinner,0
wyli tampa sarasota,0
oh oh den muz chang plan liao go back yan jiu,0
sorri call later,0
record indic u mayb entitl pound compens accid claim free repli claim msg stop txt stop,1
ree entri weekli comp chanc win ipod txt pod get entri std txt rate c appli detail,1
oki,0
time u wrkin,0
upload mine facebook,0
cook rather nice salmon la,0
town ju take mrt later,0
fuuuuck need stop sleepin sup,0
sent like,0
k sure rel home sm de pl,0
babe fuck love know fuck good hear voic need crave get enough ador ahmad kiss,0
hi hope u r ok said would text u seen let gentli pleas,0
sm auction brand new nokia auction today auction free join take part txt nokia,1
strang watch nd one bed sweet dream miss u,0
compani good environ terrif food realli nice,0
raji pl favour pl convey birthday wish nimya pl today birthday,0
water log desert geoenvironment implic,0
u,0
aight text tonight see,0
oh k come tomorrow,0
school n da lab stuff give call r done,0
go lunch,0
got salt rub open wound like,0
oh charg camera,0
dun believ leh tot told true alreadi thk muz c us tog believ,0
still got lesson sch,0
congrat mobil g videophon r call videochat wid ur mate play java game dload polyph music nolin rentl bx ip p,1
ok leav need ask,0
send text skype later,0
lol need cash nitro hurri come crash,0
ok r meet later,0
bluray player,0
come karnan car pleas wait till pm directli goto doctor,0
k k sm chat,0
sir need velusami sir date birth compani bank facil detail,0
new year eve ok went parti boyfriend si hey,0
like lt gt question,0
left yet probabl gonna til dinner,0
idk sit stop shop park lot right bawl eye feel like failur everyth nobodi want feel like fail,0
problem renew right away dont know detail,0
happi new year u ur famili may new year bring happi stabil tranquil ur vibrant colour life,0
pl call da happen,0
k come wenev u lik come also tel vikki come get free time,0
get garden readi summer free select summer bulb seed worth scotsman saturday stop go notxt co uk,1
oh unintent bad time great finger train play along give fifteen min warn,0
aiyar u poor thing give u support k jia think u,0
offic da,0
hi darlin im helen fone im gonna b princ nite pleas come tb love kate,0
start dont stop pray good idea anyth see help guy forward link,0
free st week nokia tone ur mobil everi week txt nokia get txting tell ur mate www getz co uk pobox w wq norm p tone,1
yeah imagin would realli gentl unlik doc treat patient like turkey,0
oh shut omg yesterday dream kid boy piss kid boy even told mark dream chang diaper caus get owe face,0
yup havent want go yoga call book,0
costa del sol holiday await collect call toclaim sae tc pobox stockport sk xh cost pm max min,1
nice pub near franki n benni near warner cinema,0
sorri grocer,0
sday join train start today,0
hmm dunno leh mayb bag goigng dat small ju anyth except perfum smth dat keep,0
still work time also tri ad zero save check lt gt,0
suck go u hair free right,0
way,0
rose red red blood blood heart heart u u send ti ur friend includ u like u get back u r poor relat u need support u r frnd mani luv u pray god marri u tri,0
wot wed nite til,0
cuz ibor wanna studi,0
wonder okor great month cherish guy wish well day mojibiola,0
work ah den plu lor u workin oso rite den go orchard lor place go liao,0
imposs argu alway treat like sub like never releas remind necessari,0
hi chikku send nice msg,0
enufcredeit tocal shall ileav uni get bu yor hous,0
oop lt gt,0
privat account statement,1
lol real told dad cancer,0
drive train,0
aslamalaikkum insha allah tohar beeen muht albi mufti mahfuuz mean,0
thank fill complet calm reassur,0
get lion england tone repli lionm mono lionp poli go www rington co uk origin n best tone gbp network oper rate appli,1
argh fuck nobodi town,0
u definit need modul e human di sem izzit u wan take modul st,0
decemb mobil mth entitl updat latest colour camera mobil free call mobil updat vco free,1
reach sch alreadi,0
new messag pleas call,1
oh got mani respons,0
sign matur start say big thing actual start understand small thing nice even bslvyl,0
realli need kiss u miss u babi ur babi eva,0
ding ya break fassyol blacko londn,0
wnt buy bmw car urgent vri urgent hv shortag lt gt lac sourc arng di amt lt gt lac that prob,0
boy love gal propsd bt didnt mind gv lv lttr bt frnd threw thm boy decid aproach gal dt time truck speed toward gal wn hit girl boy ran like hell n save ask hw cn u run fast boy repli boost secret energi n instantli girl shout energi n thi live happili gthr drink boost evrydi moral stori hv free msg gud ni,0
news hassl get weed week andr money haughaighgtujhyguj,0
msg mobil content order resent previou attempt fail due network error queri customersqueri netvis uk com,1
nope that fine might nap tho,0
aight call close,0
ah well confus thing doesnt thought friend mayb wrong thing alreadi sort invit tho may come co money,0
themob hit link get premium pink panther game new sugabab crazi zebra anim badass hoodi wallpap free,1
sorri mate phone didnt write love kate,0
realli realli broke oh amount small even lt gt,0
k k month kote birthday know,0
hi shanil rakhesh thank exchang uncut diamond stuff leav back excel servic dino prem,0
gokila talk aha,0
fri ah oki lor goin drivin den go shoppin tt,0
check room befor activ,0
st andr virgil cream,0
type stuff sing,0
wont anyth de,0
good morn im suffer fever dysentri abl come offic today,0
omg one thing anoth cat worm bad day end,0
sorri miss call pleas call back,0
hey happi birthday,0
aiya discuss later lar pick,0
amaz rearrang letter give mean dormitori dirti room astronom moon starer eye see elect result lie let recount mother law woman hitler eleven plu two twelv plu one amaz,0
keep ur problem ur heart b coz nobodi fight u u amp u fight ur self amp win battl vivekanand g sd ham yeah give call got minut ham hi babe uawak feellikw shit justfound via alett thatmum gotmarri thnov behind ourback fuckinnic selfish deviousbitch anyway l call u,0
mark work tomorrow get work hous meet u afterward,0
want new nokia colour phone deliveredtomorrow free minut mobil free text free camcord repli call,1
guy flash go call call madam take care oh,0
well glad find total disagre lol,0
nd attempt contract u week top prize either cash prize call,1
want sent lt gt mesag today that sorri hurt,0
gud ni dear slp well take care swt dream muah,0
win shop spree everi week start play text store skilgm tsc winawk age perweeksub,1
differ style,0
p alfi moon children need song ur mob tell ur txt tone chariti nokia poli chariti poli zed profit chariti,1
hai dear friend new amp present number rajitha raj ranju,0
talk g x,0
uk break accommodationvouch term condit appli claim mustprovid claim number,1
call later afternoon onword mtnl servic get problem south mumbai hear cann listen,0
brother transfer lt gt lt gt pa,0
dunno lei like dun haf,0
ok also wan watch e pm show,0
havent stuck orchard dad car go dinner u leh r free tonight,0
sorri call later meet sir,0
think disturb da,0
free video camera phone half price line rental mth cross ntwk min txt call mobileupd call optout,1
geeeee internet realli bad today eh,0
hey next sun basic yoga cours bugi go pilat intro next sat tell time r free,0
goodnight da thangam realli miss u dear,0
train back northampton afraid stay skyve today ho ho around wednesday though fanci comedi club week way,0
doubl min doubl txt price linerent latest orang bluetooth mobil call mobileupd latest offer call optout lf,1
lmao know well,0
tick tick tick could die loneli know pout stomp feet need,0
si lor juz watch italian job,0
vote wherev heart guid,0
yeah basic time next week get away mom amp get,0
hmmm still dont open,0
desir u go doctor liver get bit stylish get ur hair manag that,0
sent jd custom servic cum account execut ur mail id detail contact us,0
dunno dad said come home bring us lunch yup go w u lor call u reach school lor,0
ic lol play door sometim yo,0
jamster get free wallpap text heart c appli need help call,1
ran younger man make pretti babi togeth,0
natali f invit friend repli ye see www sm ac u natali k stop send stop frnd,1
pl clarifi back open return ticket prepon go back kerala,0
thank talk saturday dear cherish brother role model,0
hear,0
believ true incred txt repli g learn truli amaz thing blow mind fwd p txt,1
mani time told stage use laugh listen aha,0
want go perumbavoor,0
realli good see day dudett miss,0
ok vl u know got adsens approv,0
hey inconveni si huh,0
come friday leav pongal get news work place,0
like tell deepest darkest fantasi call p min stop text call nat rate,1
go chase run cross street,0
privat account statement show un redeem point call identifi code xx expir,1
ur cash balanc current pound maxim ur cash send go p meg cc hg suit land row w j hl,1
gonna ask lol think,0
happen,0
anyway holla whenev around need excus go creep peopl sarasota,0
ye possibl dint tri pl dont tell one k,0
sad puppi nois,0
cool last littl get time soon,0
great offic today,0
babe talk think good boy miss love,0
dear xxxxxxx u invit xchat final attempt contact u txt chat p msgrcvdhg suit land row w j hl ldn yr,1
hey gal u wanna meet dinner n te,0
think two still need get cash def readi,0
hello boytoy geeee miss today like send tm remind think love love kiss,0
uncl g check reward month,0
u attend ur drive lesson mani time wk n day,0
guarante cash prize claim yr prize call custom servic repres pm cost p,1
way rencontr meet mountain dont,0
mobil number pl sm ur mail id convey regard achan amma rakhesh qatar,0
go fool dont cheat other ok,0
oh k come tomorrow,0
ill b soon,0
guess pub im im happi pig clover whatev say,0
someon year lt gt toyota camri like mr olayiwola mileag lt gt k clean need know much sell rais dough soon land sell holla back,0
cd u congratul ur award cd gift voucher gift guarante freeentri wkli draw xt music tnc www ldew com win ppmx age,1
still around look pick later,0
nope sinc ayo travel forgotten guy,0
well like actual call someon punto woulda wors,0
hmph go head big baller,0
talk,0
esplanad lor els,0
happi new year hope good semest,0
look addi goe back monday suck,0
drive read need write,0
hey kate hope ur ok give u buz wedlunch go outsomewher adrink town cud go watershd bit ppl fromwrk bthere love petexxx,0
hungri buy smth home,0
made eta taunton plan hope still okday good see xx,0
phoni award today voda number end xxxx select receiv award match pleas call quot claim code standard rate app,1
tell coulda real valentin u never pick noth,0
channel,0
rush work school rush go hungri,0
u haf keep busi,0
dont let studi stress l r,0
goldvik invit friend repli ye see www sm ac u goldvik stop send stop frnd,1
network job,0
slept thinkthi time lt gt pm danger,0
said okay sorri,0
u today,0
spend new year brother famili let plan meet next week readi spoil,0
jade paul u txt u rememb barm want talk u txt,0
boy late home father power frndship,0
gorgeou keep pix cum thank,0
yar tot u knew di would happen long ago alreadi,0
aiyo u poor thing u dun wan eat u bath alreadi,0
oop shower u call hey park garag collaps univers hospit see crazi stuff like happen,0
fine hope good take care,0
hey come onlin use msn,0
suppos meet discuss abt trip thought xuhui told afternoon thought go lesson,0
cme want go ho morow wil cme got dear didnt say time,0
futur plan tomorrow result today best present enjoy futur,0
donat unicef asian tsunami disast support fund text donat ad next bill,1
urgent tri contact u today draw show prize guarante call land line claim valid hr,1
peopl game mall iouri kaila,0
dear voucher holder next meal us use follow link pc enjoy dine experiencehttp www vouch com etlp dine asp,1
want see pretti pussi,0
yup ok,0
bit ur smile hppnss drop ur tear sorrow part ur heart life heart like mine wil care u forevr goodfriend,0
want lt gt rs da,0
mean left earli check co work,0
u call lunch,0
vivek got call number,0
ahhhh woken bad dream u tho dont like u right didnt know anyth comedi night guess im,0
master buy bb co sale bf,0
u come back dinner rite dad ask confirm wif u,0
lost pound sinc doc visit last week woot woot gonna celebr stuf face,0
welcom select servic ad benefit call special train advisor free mobil diall,1
hi babi im sat bloodi bu mo wont home wanna somethin later call later ortxt back jess xx,0
hi probabl much fun get messag thought id txt u co im bore jame fart night,0
bu way calicut,0
hi ami send free phone number coupl day give access adult parti,1
great news call freefon claim guarante cash gift speak live oper,1
alreadi back home probabl,0
anyway think secur anyth lemm know want drive south chill,0
wrong phone phone answer one assum peopl well,0
check mail mail varma kept copi regard membership take care insha allah,0
eatin lor goin back work soon e mountain deer show huh watch b liao nice,0
omg make wed chapel frontiervil get good stuff,0
go home liao ask dad pick,0
tomarrow want got court lt decim gt come bu stand,0
cancel yeah babi well sound import understand darlin give ring later fone love kate x,0
g want know fuck,0
k k congratul,0
hey babe go ever figur go new year,0
hey want anyth buy,0
free call sir,0
match start india lt gt,0
good morn boytoy yummi lip sexi bun think crave need,0
hi sexychat girl wait text text great night chat send stop stop servic,1
got take take part wrc ralli oz u lucozad energi text ralli le p see pack lucozad co uk wrc itcould u,1
hope piss rememb gone sister someth,0
wanna art,0
oh ye like tortur watch england,0
ok let u noe leav hous,0
go e normal pilat intro,0
oh yah never cancel leh haha,0
hi dear call urgnt know what problem want work problem least tell wate repli,0
common hearin r u wat r u ur day let ask u someth differ u smile today gud evng,0
g say never answer text confirm deni,0
call see facebook huh,0
sit mu wait everyon get suit take shower,0
nd time tri contact u u pound prize claim easi call p per min bt nation rate,1
drop em omw back,0
took hooch walk toaday fell splat graze knee everyth stay home see tomorrow,0
alreadi got flaki parent snot suppos child job support parent ride age anyway suppos support hurt unintent hurt nonetheless,0
goal arsen henri v liverpool henri score simpl shot yard pass bergkamp give arsen goal margin min,1
way tirupur,0
love holiday monday feel even go dentist hour,0
regret inform u nh made mistak u never actual born pleas report yor local hospit b termin r sorri inconveni,0
good day,0
solihul want anyth,0
anyth special,0
come onlin today night,0
warner villag c colin farrel swat wkend warner villag get free med popcorn show msg ticket kiosk valid c c kiosk repli soni mre film offer,1
mean post wrote like mani time ritten stuff let sit feel time angri left hit send stop check phone got car said sleep bore time clean fold laundri etc least make bed,0
reach anoth stop,0
free polyphon rington text super get free poli tone week sn pobox nr zs subscript pw,1
taka lor wat time u wan come n look us,0
ou guarante latest nokia phone gb ipod mp player prize txt word collect ibhltd ldnw h p mtmsgrcvd,1
haha first person gonna ask,0
oh fuck sake like tallahasse,0
cant pick phone right pl send messag,0
half year miss friendship,0
want latest video handset anytim network min half price line rental repli call deliveri tomorrow,1
convey regard,0
send new number,0
miser tell u side effect birth control massiv gut wrench cramp first month sleep last night,0
wors use half way stop better complet,0
sound like could lot time spent chastiti devic boy grin take beat like good dog go loung nice long bath,0
japanes proverb one u none u must indian version one let none leav final kerala version one stop none make strike,0
pl make note expos also find school anyon els vomit dog cat hous let know later,0
today vodafon number end select receiv award number match call receiv award,1
time,0
poor girl go one day lmao,0
mani thing antibiot use chest abdomen gyna infect even bone infect,0
new theori argument win situat lose person dont argu ur friend kick amp say alway correct,0
usual u call ard smth,0
pick,0
alright tyler got minor crisi home sooner thought asap,0
yeah open chat click friend list make list easi pie,0
polyphon tone ur mob everi week txt pt st tone free get txtin tell ur friend p tone repli hl info,1
world happiest frnd never charact dey best understand differ,0
lyricalladi f invit friend repli ye see www sm ac u hmmross stop send stop frnd,1
know dat feelin pete wuld get em nuther place nuther time mayb,0
wat happen cruis thing,0
lol oop sorri fun,0
hi di yiju would happi work wif gek,0
well know mean text,0
dip cell dead come u better respond els shall come back,0
tension face smile face wast face innoc face terror face cruel face romant face lovabl face decent face lt gt joker face,0
watch cartoon listen music amp eve go templ amp church u,0
okey dokey swashbuckl stuff oh,0
oh shit thought trip loooooool make much sens grin sofa refer sleep couch link sent went trip oh babe go celebr rent,0
realli sorri lit hair fire,0
sorri da today wont come play drive cla,0
bore housew chat n date bt nation rate p min landlin,1
free messag thank use auction subscript servic p msgrcvd skip auction txt unsubscrib txt stop customercar,1
nokia phone lovli,0
respons one power weapon occupi place other heart alway give respons care u gud night swt dream take care,0
hey guy know breath neck get bud anyway abl get half track usf tonight,0
ok,0
thank bomb date phone want say,0
ye babi need stretch open pussi,0
u,0
also north carolina texa atm would go gre site pay test result sent,0
fine hope also,0
like new hous,0
gain right wife dont demand tri husband let see,0
mayb find someth els instead,0
either way work lt gt year old hope doesnt bother,0
increas chanc win,0
escap theatr go watch kavalan minut,0
pl help tell ashley cant find number oh,0
miss pray inshah allah,0
valu vodafon custom comput pick win prize collect easi call,1
need detail onlin job,0
awesom gonna soon later tonight,0
hmmm mayb tri e shoppin area one forgot e name hotel,0
privat account statement show un redeem point call identifi code expir,1
one issu california okay snow manag,0
boy made fun today ok problem sent one messag fun,0
photoshop make comput shut,0
yay wait parti togeth,0
oh rite well im best mate pete went week geva longer week,0
hope pee burn tonit,0
new mobil must go txt nokia collect today www tc biz optout gbp mtmsg txtauction,1
rat hey u ever vote next theme,0
po de need job aha,0
word checkmat chess come persian phrase shah maat mean king dead goodmorn good day,0
long get repli defer admiss til next semest,0
lol tri make day littl interest,0
yup give problem mayb ju leav,0
haha thinkin,0
go sleep tire travel,0
thought bout drink tap spile seven pub ga st broad st canal ok,0
,0
u r winner u ave special select receiv cash holiday flight inc speak live oper claim p min,1
im good think,0
check choos babe video sm shsex netun fgkslpopw fgkslpo,1
got smaller capac one quit ex,0
ur paper,0
mark take forev pick prescript pain come back,0
anyth valuabl situat first get second loos,0
home work meh,0
ummmmmaah mani mani happi return day dear sweet heart happi birthday dear,0
call lt gt min that ok,0
fyi usf swing room whenev,0
e admin build might b slightli earlier call u reach,0
honey pl find much sell predict nigeria mani time use import repli monday,0
worri though understand import put place poorli thought punish face worst thing ever happen brb gonna go kill,0
oga left phone home saw ur messag hope good great weekend,0
privat account statement show unredeem bonu point claim call identifi code expir,1
call u finish come n pick u,0
sorri delay ye master,0
er hello thing quit go plan limp slowli home follow aa exhaust hang,0
plan manag,0
revers cheat mathemat,0
guy car shop flirt got phone number paperwork call text nervou cours may address call boss tell know may get fire,0
cool tyler take gonna buy drop place later tonight total order quarter got enough,0
dont know get messag,0
come home want u miser,0
santa call would littl one like call santa xma eve call book time call ppm last min c www santacal com,1
urgent nd attempt contact u prize yesterday still await collect claim call,1
saw guy doll last night patrick swayz great,0
sorri uncl keep touch,0
u ask next sat make ok lor,0
gd luck ur exam,0
send resum,0
yup izzit still rain heavili co e mrt c outsid,0
opposit side drop,0
thanx yup come back sun finish dinner go back hotel time fli tog exactli mth today hope haf mani mth come,0
thk wat eat tonight,0
holi live christ take long,0
urgent call landlin complimentari ibiza holiday cash await collect sae cs po box sk wp ppm,1
inde way either,0
especi sinc talk boston person statement lol woulda chang realiz said nyc say boston,0
call senthil hsbc,0
yup hey one day fri ask miwa jiayin take leav go karaok,0
sen told go join uncl financ cbe,0
cant see join deni mina deni want alon time,0
u r beauti girl ive ever seen u r babi come c common room,0
sorri complet forgot pop em round week still,0
quit lor dun tell wait get complac,0
mani peopl seem special first sight remain special till last sight maintain till life end sh ja,0
u repeat e instruct wat e road name ur hous,0
ok u tell wat time u come later lor,0
hi mobil lt gt ad contact list www fullonsm com great place send free sm peopl visit fullonsm com,0
hi got money da,0
cheer lou yeah goodnit shame u neva came c ya gailxx,0
watev relat u built di world thing remain atlast iz lonlin lotz n lot memori feel,0
sure still avail though,0
uniqu user id remov send stop custom servic,1
when radio show,0
text way cup stop work bu,0
hi technic support provid assist us custom call email,0
prepar pleasur,0
love night xxx,0
ard rest ard least price bedrm,0
home doc gave pain med say everyth fine,0
thank continu support question week enter u draw cash name new us presid txt an,1
urgent mobil number award prize guarante call land line claim valid hr ppm,1
hey look like wrong one kappa guy number still phone want text see around,0
make life stressful alway find time laugh may add year life sure add life ur year gud ni swt dream,0
u wan haf lunch da canteen,0
ok lor u wan go look u,0
cashbin co uk get lot cash weekend www cashbin co uk dear welcom weekend got biggest best ever cash give away,1
well boy glad g wast night applebe noth,0
weekli cool mob tone readi download week new tone includ crazi frog axel f akon lone black eye dont p info n,1
still mayb leav credit card get ga get back like told,0
thanx u darlin im cool thanx bday drink nite morrow take care c u soon xxx,0
beauti life next second hide thousand secret wish everi second wonder ur life gud n,0
put sign choos number pin show right,0
orh tot u say still dun believ,0
camera award sipix digit camera call fromm landlin deliveri within day,1
think u x,0
hospit da return home even,0
ya nice readi thursday,0
mani happi return day wish happi birthday,0
keep see weird shit bein woah realis actual reason oh,0
pizza u want,0
bought test yesterday someth let know exact day u ovul get u wk pl pl dont fret know u r worri pl relax also anyth ur past histori u need tell,0
nt drive even mani reason call bbd tht chikku hw abt dvg cold heard tht vinobanagar violenc hw condit hw ru problem,0
possess especi first offens,0
oh k placement ah,0
buy space invad chanc win orig arcad game consol press game arcad std wap charg see co uk game term set purchas,1
good morn dear shijutta great amp success day,0
wat time r go xin hostel,0
k eng rock ash,0
dont know ask brother noth problem thing told,0
reach alreadi,0
career tel ad u contact indyarock com send free sm remov phonebook sm lt gt,0
mobil mth updat latest camera video phone free keep ur number get extra free min text text ye call,1
jason say cool pick place like hour,0
minor shindig place later tonight interest,0
free game get rayman golf free game arcad st get ur game set repli post save activ press key arcad termsappli,1
hello peach cake tast lush,0
home love still awak love kiss,0
yup anyth lor u dun wan ok,0
forgot tell smth like number section clearer,0
aiyo lesson earli still sleepin haha oki u go home liao den confirm w lor,0
uncl atlanta wish guy great semest,0
k addi amp art get home,0
hey happen u switch ur cell whole day isnt good u care give call tomorrow,0
min go lunch,0
oop thk dun haf enuff go check tell,0
big brother realli scrape barrel shower social misfit,0
that cool princess cover face hot sticki cum,0
huh slow tot u reach long ago liao u day leh,0
ya knw u vl giv ok thank kano anyway enjoy wit ur famili wit st salari,0
haha awesom might need take doin tonight,0
say bold torch later one torch bold,0
wif famili book tour packag,0
wow healthi old airport rd lor cant thk anyth els b bath dog later,0
hey anyway,0
yar say got error,0
mmmmmmm snuggl deep content sigh whisper fuck love much bare stand,0
anytim,0
like new mobil,0
win winner mr foley ipod excit prize soon keep eye ur mobil visit www win co uk,1
ye fine,0
da what plan,0
okey dokey bit sort stuff,0
guy get use dumb realiz,0
urgent mobil award bonu caller prize nd attempt contact call box qu,1
pl give food prefer pap slowli load sugar take hour give water slowli,0
tessi pl favor pl convey birthday wish nimya pl dnt forget today birthday shija,0
march end readi call sure problem capit never complet far work ladi,0
surli ill give come review,0
ok prob,0
tri g decid head,0
hmmm give one day,0
eatin lunch,0
pl dont play other life,0
alright bring see like lt gt min,0
life mean lot love life love peopl life world call friend call world ge,0
ok u take shop u get paid,0
haha yeah oz kind shitload,0
stay town,0
cool night lemm know around,0
sri da jst nw came home,0
good thing get connect bw,0
wewa iriv mb,0
readi call,0
hi babe chloe r u smash saturday night great weekend u miss sp visionsm com text stop stop p text,1
leav hous,0
forgot ask smth card da present lei want write smth sign,0
custom servic announc recent tri make deliveri unabl pleas call schedul ref,1
probabl almost ga get cash tomorrow,0
didnt get ur full msg sometext miss send,0
born god said oh anoth idiot born god said oh competit knew one day two becom freind forev,0
im reali soz imat mum nite moro,0
send print out da,0
tel softwar name,0
ok set let u noe e detail later,0
mum go robinson alreadi,0
ye pleas swim,0
ladi first genu second k,0
ok prob,0
call tell infront call,0
cant pick phone right pl send messag,0
messag great doctor india drink appi fizz contain cancer caus age,0
privat account statement show un redeem point call identifi code expir,1
k work someth,0
prasanth ettan mother pass away last night pray famili,0
hope great day,0
lol ye add spice day,0
r e meet tmr,0
xma reward wait comput randomli pick loyal mobil custom receiv reward call,1
final happen aftr decad beer cheaper petrol gover expect us drink drive,0
pleas protect e threat sib never ask sensit inform like password atm sm pin thru email never share password anybodi,0
okay go sleep later,0
god creat gap btwn ur finger dat sum vri special fill gap hold ur hand plz dont ask creat much gap leg,0
tri contact repli offer video phone anytim network min half price line rental camcord repli call,1
plan come chennai,0
u got person stori,0
sorri din lock keypad,0
rip get mobil content www clubmobi com call poli true pix rington game six download,1
havent,0
hide anythi keep distanc,0
cours guess god got hold right,0
captain vijaykanth comedi captain tv drunken,0
oh ho first time u use type word,0
k k pa lunch aha,0
come din c yup cut hair,0
move morphin,0
oh wow that gay firmwar updat help,0
meet call later,0
got hella ga money want go grand natur adventur galileo littl bit,0
everybodi fun even miss,0
saturday sunday holiday difficult,0
today voda number end select receiv reward match pleas call quot claim code standard rate appli,1
pleas call custom servic repres pm guarante cash prize,1
lol knew saw dollar store,0
bu love,0
ju finish blow hair u finish dinner alreadi,0
u need presnt alway bcz u cant mi love jeevithathil irulina neekunna prakasamanu sneham prakasam ennal prabha mn prabha love got dont mi,0
final came fix ceil,0
receiv understood n act upon,0
long fuckin showr,0
sorri call later meet,0
nvm go wear sport shoe anyway go late leh,0
good think could send pix would love see top bottom,0
call dad oredi,0
sunshin quiz win super soni dvd record cannam capit australia text mquiz b,1
how favourit person today r u workin hard sleep last nite nearli rang u,0
much got clean,0
sorri da gone mad mani pend work,0
wat time finish,0
glad talk,0
upgrdcentr orang custom may claim free camera phone upgrad loyalti call offer end th juli c appli opt avail,1
loan purpos homeown tenant welcom previous refus still help call free text back help,1
congrat nokia video camera phone call call cost ppm ave call min vari mobil close post bcm ldn wc n xx,1
urgent mobil number award prize guarante call land line claim valid hr,1
someon contact date servic enter phone fanci find call landlin pobox n tf p,1
send logo ur lover name join heart txt love name name mobno eg love adam eve yahoo pobox w wq txtno ad p,1
free entri weekli competit text word win c www txttowin co uk,1
date servic cal l box sk ch,1
free rington text first poli text get true tone help st free tone x pw e nd txt stop,1
mth half price orang line rental latest camera phone free phone mth call mobilesdirect free updat stoptxt,1
doubl min txt month free bluetooth orang avail soni nokia motorola phone call mobileupd call optout n dx,1
thank rington order refer charg gbp per week unsubscrib anytim call custom servic,1
discount code rp stop messag repli stop www regalportfolio co uk custom servic,1
updat xma offer latest motorola sonyericsson nokia free bluetooth doubl min txt orang call mobileupd call optout f q,1
ur cash balanc current pound maxim ur cash send cash p msg cc hg suit land row w j hl,1
congratul ur award cd voucher gift guarante free entri wkli draw txt music tnc www ldew com win ppmx age,1
fanci shag interest sextextuk com txt xxuk suzi txt cost per msg tnc websit x,1
valentin day special win quiz take partner trip lifetim send go p msg rcvd custcar,1
call germani penc per minut call fix line via access number prepay direct access,1
decemb mobil mth entitl updat latest colour camera mobil free call mobil updat co free,1
think ur smart win week weekli quiz text play cs winnersclub po box uz gbp week,1
themob check newest select content game tone gossip babe sport keep mobil fit funki text wap,1
sm ac blind date u rodd aberdeen unit kingdom check http img sm ac w icmb cktz r blind date send hide,1
mobil custom may claim free camera phone upgrad pay go sim card loyalti call offer end thfeb c appli,1
hmv bonu special pound genuin hmv voucher answer easi question play send hmv info www percent real com,1
rington club get uk singl chart mobil week choos top qualiti rington messag free charg,1
ur rington servic chang free credit go club mobil com choos content stop txt club stop p wk club po box mk wt,1
hey realli horni want chat see nake text hot text charg pm unsubscrib text stop,1
tri contact repli offer video handset anytim network min unlimit text camcord repli call,1
congratul ur award cd voucher gift guarante free entri wkli draw txt music tnc www ldew com win ppmx age,1
u secret admir look make contact u find r reveal think ur special call,1
text meet someon sexi today u find date even flirt u join p repli name age eg sam msg recd thirtyeight penc,1
u meet ur dream partner soon ur career flyng start find free txt horo follow ur star sign e g horo ari,1
new mobil must go txt nokia collect today www tc biz optout gbp mtmsg,1
uniqu enough find th august www areyouuniqu co uk,1
pleas call custom servic repres freephon pm guarante cash prize,1
urgent tri contact last weekend draw show prize guarante call claim code valid hr,1
bangbab ur order way u receiv servic msg download ur content u goto wap bangb tv ur mobil internet servic menu,1
pl stop bootydeli f invit friend repli ye see www sm ac u bootydeli stop send stop frnd,1
winner u special select receiv cash holiday flight inc speak live oper claim,1
custom servic annonc new year deliveri wait pleas call arrang deliveri,1
freemsg repli text randi sexi femal live local luv hear u netcollex ltd p per msg repli stop end,1
rcv msg chat svc free hardcor servic text go u get noth u must age verifi yr network tri,1
want get laid tonight want real dog locat sent direct ur mob join uk largest dog network bt txting gravel nt ec p msg p,1
sunshin quiz wkli q win top soni dvd player u know countri algarv txt ansr sp tyron,1
today voda number end select receiv award match pleas call quot claim code standard rate app,1
urgent mobil award bonu caller prize final tri contact u call landlin box wr c ppm,1
privat account statement show unredeem bonu point claim call identifi code expir,1
winner u special select receiv holiday flight inc speak live oper claim p min,1
gent tri contact last weekend draw show prize guarante call claim code k valid hr ppm,1
pleas call custom servic repres pm guarante cash prize,1
hear new divorc barbi come ken stuff,1
urgent ur award complimentari trip eurodisinc trav aco entri claim txt di morefrmmob shracomorsglsuplt ls aj,1
valu custom pleas advis follow recent review mob award bonu prize call,1
congrat year special cinema pass call c suprman v matrix starwar etc free bx ip pm dont miss,1
sm ac sptv new jersey devil detroit red wing play ice hockey correct incorrect end repli end sptv,1
rodger burn msg tri call repli sm free nokia mobil free camcord pleas call deliveri tomorrow,1
thank subscript rington uk mobil charg month pleas confirm repli ye repli charg,1
england v macedonia dont miss goal team news txt ur nation team eg england tri wale scotland txt poboxox w wq,1
xxxmobilemovieclub use credit click wap link next txt messag click http wap xxxmobilemovieclub com n qjkgighjjgcbl,1
urgent week free membership prize jackpot txt word claim c www dbuk net lccltd pobox ldnw rw,1
six chanc win cash pound txt csh send cost p day day tsandc appli repli hl info,1
mobil month u r entitl updat latest colour mobil camera free call mobil updat co free,1
winner valu network custom select receivea prize reward claim call claim code kl valid hour,1
freemsg hey darl week word back like fun still tb ok xxx std chg send rcv,1
free entri wkli comp win fa cup final tkt st may text fa receiv entri question std txt rate c appli,1
de ask like,0
live next lt gt min,0
run manag minut need oxygen might resort roller option,0
oh haha den shld went today gee nvm la kaiez dun mind goin jazz oso scare hiphop open cant catch,0
need th campu atm could pick hour two,0
thanx puttin da fone,0
plan stay night prolli back til late,0
hey j r u feel better hopeso hunni amnow feelin ill ithink may tonsolitusaswel damn iam layin bedreal bore lotsof luv xxxx,0
freemsg txt call claim reward hour talk time use phone subscrib gbp mnth inc hr stop txtstop,1
hi u decid wot get bday ill prob ju get voucher frm virgin sumf,0
laid airtel line rest,0
stuck da middl da row da right hand side da lt,0
full heat pa appli oil pa,0
carlo pick swing usf littl bit,0
yo sorri shower sup,0
good time nice someth bit differ weekend chang see ya soon,0
ok wun b angri msg u aft come home tonight,0
right wasnt phone someon number like,0
well done england get offici poli rington colour flag yer mobil text tone flag opt txt eng stop box w wx,1
tomorrow go theatr come wherev u call tell come tomorrow,0
finish work yet someth,0
want wish happi new year want talk legal advic gari split person make trip ptbo hope everyth good babe love ya,0
see swing bit got thing take care firsg,0
mila age blond new uk look sex uk guy u like fun text mtalk pp txt st free increment help,1
u secret admir look make contact u find r reveal think ur special call stopsm ppm,1
noooooooo pleas last thing need stress life fair,0
ur chanc win wkli shop spree txt shop c www txt shop com custcar x p wk,1
wow think common take back ur freak unless u chop,0
cours math one day one chapter one month finish,0
hi engag fixd lt gt th next month know realli shock bt hmm njan vilikkam ws al sudn,0
plan yet,0
urgent call landlin complimentari ibiza holiday cash await collect sae cs po box sk wp ppm,1
contract mobil mnth latest motorola nokia etc free doubl min text orang tariff text ye callback remov record,1
congratul ur award cd voucher gift guarante free entri wkli draw txt music,1
directli behind abt row behind,0
,0
urgent nd attempt contact u u call b csbcm wc n xx callcost ppmmobilesvari max,1
omg u know ate,0
cha quiteamuz scool babe probpop cu satthen hunni brekki love jen xxx psxtra lrg portion pleas,0
wanna laugh tri chit chat mobil logon txting word chat send cm po box london w zf p msg rcvd,1
time come tomorrow,0
hiya how go sunni africa hope u r avin good time give big old silver back big kiss,0
togeth thinkin,0
buy blackberri bold torch buy new use let know plu say buy lt gt g wifi ipad say lt gt g,0
honeybe said sweetest world god laugh amp said wait u havnt met person read msg moral even god crack joke gm gn ge gn,0
tell address,0
come around lt decim gt pm vikki otsid nw il come tht time,0
much u tri get,0
good afternoon boytoy goe walk day get polic abstract still wake miss babe,0
awak oh,0
think da wil,0
piss talk someon realis u point read backward,0
hospit da return home even,0
gettin rdi ship comp,0
wonder world th th ur style th ur smile th ur person rd ur natur nd ur sm st ur love friendship good morn dear,0
tri someth dear read someth exam,0
sun ah thk mayb dun anythin thk book e lesson e pilat orchard mrt u noe hor,0
symptom u love u like listen song u get stop u see name belov u get angri,0
great safe trip dont panic surrend,0
